<meta>
	<info name="Shader Skybox Alternative" author="Ren712" version="0.53" type="script" />
	<min_mta_version client="1.4.0" server="1.4.0" />
	<script src="c_main.lua" type="client" />
	<script src="c_switch.lua" type="client" />
	<file src="fx/skydome.fx" type="client" />
	<file src="fx/transform.fx" type="client" />
	<file src="fx/shader_clear.fx" type="client" />
	<file src="tex/skydome.jpg" type="client" />
	<file src="dff/skydome_object.dff" type="client" />
	<file src="tex/skydome_object.txd" type="client" />
</meta>
